{"cameraMode":{"drawMode":0,"name":"Shaded","section":"Shading Mode"},"sceneLighting":false,"audioPlay":false,"sceneViewState":{"showFog":true,"showMaterialUpdate":false,"showSkybox":false,"showFlares":true,"showImageEffects":true,"showParticleSystems":true},"in2DMode":false,"pivot":{"x":-1.9013539552688599,"y":0.23479774594306947,"z":-3.0636236667633058},"rotation":{"x":0.22220909595489503,"y":0.4880765974521637,"z":-0.13004463911056519,"w":0.8339667916297913},"size":0.7949162125587463,"orthographic":false}